bar,start_seconds,chord,confidence
1,0.161250,F7,0.111792
2,1.661250,F7,0.071716
3,3.161250,F7,0.001124
4,4.661250,F7,0.002123
5,6.161250,F7,0.001848
6,7.661250,F7,0.026045
7,9.161250,F7,0.012584
8,10.661250,F7,0.024012
9,12.161250,F7,0.007903
10,13.661250,F7,0.029366
11,15.161250,F7,0.011280
12,16.661250,F7,0.015002
13,18.161250,F7,0.006515
14,19.661250,F7,0.044529
15,21.161250,F7,0.002054
16,22.661250,F7,0.019858
17,24.161250,F7,0.004302
18,25.661250,Dbmaj7,0.025765
19,27.161250,Cm7,0.060913
20,28.661250,Cm7,0.077594
21,30.161250,F7,0.076966
22,31.661250,Dbmaj7,0.022548
23,33.161250,Cm7,0.047141
24,34.661250,Cm7,0.093748
25,36.161250,F7,0.079011
26,37.661250,F7,0.038591
27,39.161250,F7,0.043924
28,40.661250,F7,0.003767
29,42.161250,F7,0.022794
30,43.661250,F7,0.062118
31,45.161250,F7,0.070607
32,46.661250,F7,0.010103
33,48.161250,F7,0.038790
34,49.661250,F7,0.032025
35,51.161250,F7,0.045642
36,52.661250,F7,0.003501
37,54.161250,Cm7,0.017806
38,55.661250,Cm7,0.042102
39,57.161250,Cm7,0.079558
40,58.661250,Cm7,0.004280
41,60.161250,Cm7,0.081619
42,61.661250,Cm7,0.000711
43,63.161250,Cm7,0.020755
44,64.661250,Cm7,0.026549
45,66.161250,Cm7,0.032796
46,67.661250,Cm7,0.003789
47,69.161250,Cm7,0.098406
48,70.661250,Cm7,0.029844
49,72.161250,Cm7,0.063754
50,73.661250,Cm7,0.014145
51,75.161250,Cm7,0.004962
52,76.661250,Cm7,0.024573
53,78.161250,Cm7,0.037173
54,79.661250,Cm7,0.004940
55,81.161250,Cm7,0.062088
56,82.661250,F7,0.021025
57,84.161250,F7,0.072549
58,85.661250,F7,0.032865
59,87.161250,F7,0.043812
60,88.661250,F7,0.008974
61,90.161250,F7,0.022479
62,91.661250,Fm7,0.028601
63,93.161250,F7,0.068031
64,94.661250,F7,0.007484
65,96.161250,F7,0.043200
66,97.661250,F7,0.005199
67,99.161250,F7,0.041532
68,100.661250,F7,0.005444
69,102.161250,F7,0.033337
70,103.661250,F7,0.015964
71,105.161250,F7,0.013717
72,106.661250,F7,0.014200
73,108.161250,F7,0.080116
74,109.661250,F7,0.001122
75,111.161250,F7,0.019857
76,112.661250,F7,0.023235
77,114.161250,Cm7,0.030520
78,115.661250,Cm7,0.005033
79,117.161250,Cm7,0.098873
80,118.661250,Cm7,0.029641
81,120.161250,Cm7,0.060476
82,121.661250,Cm7,0.014960
83,123.161250,Cm7,0.002306
84,124.661250,Cm7,0.032248
85,126.161250,Cm7,0.036024
86,127.661250,Cm7,0.001983
87,129.161250,Cm7,0.048646
88,130.661250,F7,0.021793
89,132.161250,F7,0.010245
90,133.661250,F7,0.006310
91,135.161250,F7,0.002470
92,136.661250,F7,0.031425
93,138.161250,F7,0.003841
94,139.661250,F7,0.042162
95,141.161250,F7,0.019552
96,142.661250,F7,0.020364
97,144.161250,Cm7,0.073223
98,145.661250,Cm7,0.014939
99,147.161250,Cm7,0.011596
100,148.661250,Cm7,0.009516
101,150.161250,Cm7,0.010085
102,151.661250,Cm7,0.020893
103,153.161250,Cm7,0.015949
104,154.661250,Cm7,0.002178
105,156.161250,Cm7,0.120178
106,157.661250,Cm7,0.003924
107,159.161250,Cm7,0.012979
108,160.661250,Cm7,0.000409
109,162.161250,Cm7,0.033497
110,163.661250,Cm7,0.001702
111,165.161250,Cm7,0.083692
112,166.661250,Cm7,0.011693
113,168.161250,Cm7,0.050262
114,169.661250,Cm7,0.006955
115,171.161250,Cm7,0.004907
116,172.661250,Cm7,0.012991
117,174.161250,Cm7,0.031563
118,175.661250,Cm7,0.007369
119,177.161250,Cm7,0.064349
120,178.661250,Cm7,0.021043
121,180.161250,Cm7,0.057730
122,181.661250,Cm7,0.039395
123,183.161250,Cm7,0.075433
124,184.661250,Cm7,0.013537
125,186.161250,Cm7,0.034845
126,187.661250,Cm7,0.002010
127,189.161250,Cm7,0.083895
128,190.661250,Cm7,0.009526
129,192.161250,Cm7,0.053385
130,193.661250,Cm7,0.002918
131,195.161250,Cm7,0.002836
132,196.661250,Cm7,0.009773
133,198.161250,Cm7,0.029603
134,199.661250,Cm7,0.010909
135,201.161250,Cm7,0.052607
136,202.661250,Cm7,0.024626
137,204.161250,Cm7,0.007302
138,205.661250,Cm7,0.016655
139,207.161250,Cm7,0.009901
140,208.661250,Cm7,0.014149
141,210.161250,Cm7,0.011322
142,211.661250,Cm7,0.022887
143,213.161250,Cm7,0.016719
144,214.661250,Cm7,0.006166
145,216.161250,Cm7,0.120897
146,217.661250,F7,0.016578
147,219.161250,F7,0.027802
148,220.661250,F7,0.035567
149,222.161250,Cm7,0.048915
150,223.661250,Cm7,0.001963
151,225.161250,Cm7,0.056447
152,226.661250,Cm7,0.061744
153,228.161250,Cm7,0.055915
154,229.661250,Cm7,0.000268
155,231.161250,Cm7,0.029307
156,232.661250,Cm7,0.047508
157,234.161250,Cm7,0.023490
158,235.661250,Cm7,0.010619
159,237.161250,Cm7,0.043374
160,238.661250,Cm7,0.007183
161,240.161250,Cm7,0.062652
162,241.661250,F7,0.014022
163,243.161250,F7,0.032945
164,244.661250,F7,0.051053
165,246.161250,F7,0.044218
166,247.661250,F7,0.006677
167,249.161250,F7,0.069809
168,250.661250,F7,0.065253
169,252.161250,F7,0.054594
170,253.661250,F7,0.022745
171,255.161250,F7,0.001049
172,256.661250,F7,0.046983
173,258.161250,F7,0.043198
174,259.661250,F7,0.008773
175,261.161250,F7,0.037920
176,262.661250,F7,0.032033
177,264.161250,F7,0.041140
178,265.661250,Dbmaj7,0.225555
179,267.161250,Dbmaj7,0.123818
